<?xml version="1.0" encoding="UTF-8"?>
<settings xmlns="http://maven.apache.org/SETTINGS/1.0.0"
    xmlns:xsi="http://www.w3.org/2001/XMLSchema-instance"
    xsi:schemaLocation="http://maven.apache.org/SETTINGS/1.0.0
    https://maven.apache.org/xsd/settings-1.0.0.xsd">
    <profiles>
        <profile>
            <id>smarthome-snapshots</id>
            <repositories>
                <repository>
                    <id>archetype</id>
                    <url>https://repo.eclipse.org/content/repositories/smarthome-snapshots/</url>
                </repository>
            </repositories>
        </profile>
    </profiles>
    <activeProfiles>
        <activeProfile>smarthome-snapshots</activeProfile>
    </activeProfiles>
</settings> 
